{"stats":{"minecraft:custom":{"minecraft:jump":59,"minecraft:time_since_rest":1870,"minecraft:damage_taken":380,"minecraft:walk_one_cm":3775,"minecraft:leave_game":2,"minecraft:sprint_one_cm":7503,"minecraft:play_time":2526,"minecraft:time_since_death":1850,"minecraft:potato_quest_time":0,"minecraft:deaths":1,"minecraft:total_world_time":2526,"minecraft:fall_one_cm":6119,"minecraft:fly_one_cm":15835},"minecraft:picked_up":{"patchouli:guide_book":1,"consistency_plus:cobbled_cyan_terracotta":2},"minecraft:killed_by":{"minecraft:skeleton":1}},"DataVersion":3465}