{"stats":{"minecraft:picked_up":{"expandeddelight:chili_pepper":6,"minecraft:stick":2,"minecraft:yellow_candle":3},"minecraft:custom":{"minecraft:jump":158,"minecraft:time_since_rest":8379,"minecraft:damage_taken":90,"minecraft:leave_game":2,"minecraft:sprint_one_cm":16438,"minecraft:play_time":8379,"minecraft:time_since_death":8379,"minecraft:walk_one_cm":4597,"minecraft:total_world_time":8379,"minecraft:walk_under_water_one_cm":466,"minecraft:swim_one_cm":12305,"minecraft:fall_one_cm":4180,"minecraft:fly_one_cm":49624,"minecraft:walk_on_water_one_cm":1688},"minecraft:used":{"expandeddelight:chili_pepper":4,"minecraft:yellow_candle":3},"minecraft:mined":{"expandeddelight:wild_chili_pepper":8,"minecraft:yellow_candle":1,"minecraft:dead_bush":1}},"DataVersion":3465}