{"stats":{"minecraft:custom":{"minecraft:jump":32,"minecraft:time_since_rest":1208,"minecraft:leave_game":1,"minecraft:deaths":1,"minecraft:potato_quest_time":0,"minecraft:sprint_one_cm":4292,"minecraft:play_time":1864,"minecraft:damage_taken":280,"minecraft:time_since_death":1188,"minecraft:walk_one_cm":2731,"minecraft:total_world_time":1864,"minecraft:fall_one_cm":6119,"minecraft:fly_one_cm":10639},"minecraft:picked_up":{"patchouli:guide_book":1},"minecraft:killed_by":{"minecraft:skeleton":1}},"DataVersion":3465}